Country,Description,Prefix,Effective from,Rate Id,Forbidden,Discontinued,Price 1,Price N,Interval 1,Interval N
,,49152,2026-09-23 00:00:00,,0,0,0.0495,0.0495,60,1
,,49162,2026-09-23 00:00:00,,0,0,0.0495,0.0495,60,1
,,49172,2026-09-23 00:00:00,,0,0,0.0495,0.0495,60,1
,,49173,2026-09-23 00:00:00,,0,0,0.0495,0.0495,60,1
,,49174,2026-09-23 00:00:00,,0,0,0.0495,0.0495,60,1
,,49,ASAP,,0,0,0.0078,0.0078,1,1
,,33607,ASAP,,0,0,0.052,0.052,1,1
,,33608,ASAP,,0,0,0.052,0.052,1,1
,,521,2026-10-01 00:00:00,,0,0,0.0151,0.0151,60,60
,,234803,ASAP,,0,0,0.1123,0.1123,60,60
,,234806,ASAP,,0,0,0.1123,0.1123,60,60
,,234703,ASAP,,0,0,0.1123,0.1123,60,60
,,234805,2026-09-20 00:00:00,,0,1,0.121,0.121,60,60
,,187638,ASAP,,0,0,0.098,0.098,60,60
,,187639,ASAP,,0,0,0.098,0.098,60,60
,,447400,ASAP,,0,0,0.0112,0.0112,1,1
,,447401,ASAP,,0,0,0.0112,0.0112,1,1
,,447402,ASAP,,0,0,0.0112,0.0112,1,1
,,447403,ASAP,,0,0,0.0112,0.0112,1,1
,,447404,ASAP,,0,0,0.0112,0.0112,1,1
,,447405,ASAP,,0,0,0.0112,0.0112,1,1
,,447406,ASAP,,0,0,0.0112,0.0112,1,1
,,447407,ASAP,,0,0,0.0112,0.0112,1,1
,,447408,ASAP,,0,0,0.0112,0.0112,1,1
,,447409,ASAP,,0,0,0.0112,0.0112,1,1
